update,timesteps,fps,train_return_mean,train_success_rate,train_collision_rate,train_episode_len_mean,eval_return_mean,eval_return_std,eval_success_rate,eval_collision_rate,eval_steps_mean,eval_path_length_mean,loss,policy_loss,value_loss,entropy,approx_kl,clip_fraction,std_mean,early_stop
1,4096,1730.7,240.5202058692082,0.6585365853658537,0.2926829268292683,98.82926829268293,167.60185680981724,219.80853806488687,0.5,0.43333333333333335,110.93333333333334,11.654333488146465,260.5710631052653,-0.01291037387563847,521.1747130076091,1.1284547016024589,0.00600774596532574,0.07405598958333333,0.4256771206855774,0.0
2,8192,1677.5,200.4549981554527,0.58,0.38,111.36,265.2415766449086,202.23136223316945,0.7,0.23333333333333334,130.46666666666667,16.73277369340261,219.869473695755,-0.012837099840786929,439.77138096491495,1.1258677423000336,0.0056328486350442596,0.07049153645833334,0.42313307523727417,0.0
3,12288,1658.3,188.16507536450052,0.54,0.38,140.38,156.23018870390615,225.08120112944044,0.4666666666666667,0.4666666666666667,132.43333333333334,16.62224551041921,221.32686505317687,-0.009635944881786903,442.6797297477722,1.1210175529122353,0.005217064489261247,0.06002604166666667,0.42510828375816345,0.0
4,16384,1657.6,213.1111600058787,0.6,0.34,140.84,155.9619247992393,226.14398796380127,0.4666666666666667,0.43333333333333335,135.8,15.928742639223735,148.24862002531688,-0.012261416829035927,296.5285409609477,1.1297700275977454,0.006311165962930924,0.07967122395833333,0.4260583519935608,0.0
5,20480,1662.3,222.76131544621484,0.62,0.34,128.42,181.0827249685489,224.3249623387155,0.5333333333333333,0.43333333333333335,116.93333333333334,14.104076512654622,175.36591918468474,-0.011116860300535335,350.76085271835325,1.1308105915784836,0.005963963798906965,0.06941731770833333,0.4259134829044342,0.0
6,24576,1665.2,211.47588621054373,0.6,0.36,128.74,177.71727848749862,219.8274012719533,0.5,0.43333333333333335,134.4,16.993425782521566,153.49279465675355,-0.012962406596246485,307.01824003855387,1.120520177980264,0.007269827301691597,0.09453125,0.42079710960388184,0.0
7,28672,1668.3,144.92769026024115,0.44,0.5,120.74,187.08683177160793,214.8412886894829,0.5333333333333333,0.36666666666666664,114.43333333333334,14.509487408399583,167.1569852511088,-0.01165774703452674,334.3439455986023,1.1094318797190985,0.006808334021964887,0.08689778645833333,0.42229920625686646,0.0
8,32768,1651.7,175.76823486679427,0.52,0.48,89.72,235.89911993838552,212.1709664857146,0.6333333333333333,0.26666666666666666,154.7,17.706496556599934,208.10268540382384,-0.012594434254181882,416.23723859786986,1.1130527531107266,0.006671412261979034,0.08323567708333333,0.42219752073287964,0.0
9,36864,1649.3,200.28995058151068,0.56,0.4,111.62,158.93711725685534,215.73874410267035,0.4666666666666667,0.4,150.0,17.875366838773093,152.2985634803772,-0.011594004764143998,304.6269385655721,1.1042561396956443,0.006192886628559791,0.07906901041666667,0.4176764488220215,0.0
10,40960,1646.8,183.9457989761669,0.52,0.4,126.66,239.00646328945382,207.55380608276297,0.6333333333333333,0.23333333333333334,149.63333333333333,18.88496689796448,127.85925895373026,-0.010798635796527378,255.74665700594585,1.090690196553866,0.007037774550068813,0.09016927083333333,0.41783684492111206,0.0
11,45056,1651.2,158.2010667662038,0.46,0.42,141.7,197.9546532910279,214.15775044811136,0.5666666666666667,0.36666666666666664,114.63333333333334,13.14759259223938,127.18933840592702,-0.011260947864502668,254.40768721898397,1.081952560444673,0.008149439522821923,0.1025390625,0.41268008947372437,0.0
12,49152,1653.3,152.56525707947833,0.46,0.48,131.2,242.28833991874293,205.59872873984494,0.6666666666666666,0.3,113.26666666666667,13.37067551612854,132.2093544880549,-0.011297569184292418,264.44767815272013,1.0620597079396248,0.006597856668910633,0.08349609375,0.41081005334854126,0.0
13,53248,1664.5,213.10473426973815,0.6,0.36,115.38,210.26835829790315,218.4505808763981,0.6,0.4,94.53333333333333,12.202924887339273,98.43390722672144,-0.013615228227960567,196.90129138628643,1.0409761061271032,0.009099628489639144,0.11687825520833334,0.4034475088119507,0.0
14,57344,1663.8,239.3976802311117,0.66,0.3,108.02,172.89391066207344,221.6900653050001,0.5,0.36666666666666664,136.1,15.016303018728893,158.48615849018097,-0.012243997994422292,317.0029626528422,1.0271045436461768,0.008248473473455913,0.10973307291666666,0.4057489037513733,0.0
15,61440,1672.0,168.7230774185311,0.5,0.42,121.84,232.2201513435759,220.5547054819497,0.6333333333333333,0.3,119.4,12.596929351488749,139.24763695398966,-0.011779104735857497,278.52501621246336,1.0303020094831785,0.007783051914884709,0.10270182291666667,0.4037645757198334,0.0
16,65536,1678.8,194.7796233632168,0.56,0.42,110.64,253.13714655104525,207.45160473451287,0.7,0.3,82.5,10.806903568903605,130.38141124248506,-0.013543938726070338,260.79600683848065,1.0155838678280513,0.0072710247433860785,0.09435221354166666,0.3998963236808777,0.0
17,69632,1685.4,200.0468554864838,0.56,0.38,127.34,273.824608287402,194.65641037793173,0.7333333333333333,0.23333333333333334,116.4,14.45075905919075,114.43585111487727,-0.010150542132764685,228.89800421199442,1.00001169065511,0.008077272592164484,0.10141692546583851,0.39815446734428406,1.0
18,73728,1685.6,242.99129350978356,0.66,0.32,101.0,278.82489064477215,198.12789130696754,0.7333333333333333,0.23333333333333334,99.23333333333333,13.381613290309906,82.50459994475047,-0.012599919844069518,165.04038666089374,0.9976777248084545,0.010395593376112325,0.130517578125,0.39951178431510925,0.0
19,77824,1690.9,233.41390131523977,0.64,0.34,94.08,232.3254220528376,216.3799097249424,0.6333333333333333,0.3333333333333333,97.53333333333333,12.770627009868623,122.1446408033371,-0.014992253160259376,244.32529753049215,1.0058727741241456,0.009907663040212355,0.12763671875,0.40156289935112,0.0
20,81920,1688.8,215.221155694197,0.6,0.38,103.46,110.31051273091181,212.19442351460324,0.36666666666666664,0.5,142.23333333333332,13.199581085145473,143.04478131930034,-0.013370940374443308,286.12240090370176,1.0166285609205563,0.007184224834297008,0.09171549479166667,0.4039532542228699,0.0
21,86016,1690.0,178.47693702934015,0.52,0.44,105.9,183.6892706477667,226.8490819490967,0.5333333333333333,0.43333333333333335,110.73333333333333,13.727222454547881,111.12561461130778,-0.012158882373478263,222.28169929186504,1.0251390839616457,0.006667047080797298,0.087353515625,0.40478408336639404,0.0
22,90112,1694.5,199.85537009547198,0.56,0.4,98.04,153.38867518698862,230.10411573617444,0.4666666666666667,0.5,81.4,9.470589236418407,127.07610547542572,-0.013845839321341676,254.18604102929433,1.022974523405234,0.008143643140404796,0.102490234375,0.40286731719970703,0.0
23,94208,1703.3,194.06722478553283,0.56,0.42,103.74,180.16157143978387,225.06952878776752,0.5333333333333333,0.4666666666666667,69.4,8.98148423631986,215.90576106707255,-0.011474670030293056,431.8406080563863,1.0224932943781218,0.0063799251486974145,0.07998046875,0.40586361289024353,0.0
24,98304,1709.5,250.49079580889517,0.68,0.3,105.92,289.9992312659608,191.82374404715,0.7666666666666667,0.2,88.7,10.706769037246705,128.97220009962717,-0.01325140473685072,257.9771699110667,1.044958950082461,0.008137777774148465,0.10348307291666667,0.4126971662044525,0.0
25,102400,1707.7,220.23192608474122,0.62,0.38,73.42,172.20432273054487,224.95246208261173,0.5,0.4,132.33333333333334,15.664319920539857,90.29594743649164,-0.010751878094743006,180.6197117249171,1.0518195008238156,0.00823483535593065,0.10457356770833333,0.40556877851486206,0.0
26,106496,1707.1,232.36700695008363,0.64,0.34,89.7,247.81760455622899,207.36547703125325,0.6666666666666666,0.3,108.16666666666667,13.831824588775635,99.13272057374319,-0.010037696977572825,198.2916951974233,1.0301445345083873,0.007608438203654562,0.09690755208333333,0.4051307439804077,0.0
27,110592,1709.3,222.2040531608226,0.62,0.34,95.06,224.81166922244964,216.9251296653226,0.6333333333333333,0.3333333333333333,98.0,10.205814242362976,97.49232865571976,-0.0106914888912191,195.01216328144073,1.0201380411783854,0.008069657728871487,0.10304361979166667,0.40187355875968933,0.0
28,114688,1712.3,199.0613674024841,0.56,0.4,104.7,286.89661420545633,190.68174353671242,0.7666666666666667,0.2,102.66666666666667,12.771940656503041,128.13981592655182,-0.013260223935746277,256.312234767278,1.0140732422471046,0.008113550960842986,0.107421875,0.4034585952758789,0.0
29,118784,1710.6,203.40967250232504,0.58,0.42,99.24,215.25400013721418,215.62631598399915,0.6,0.3333333333333333,104.43333333333334,11.985990825792154,87.98278142611186,-0.010572858145072436,175.99280200004577,1.0156633704900742,0.009444425398154028,0.115771484375,0.40282535552978516,0.0
30,122880,1706.6,212.68954282875214,0.6,0.36,105.48,252.27770951451882,199.40982768658182,0.6666666666666666,0.16666666666666666,153.16666666666666,14.844741161664327,111.19735560417175,-0.010849469284100148,222.4224703947703,1.009428473810355,0.009214809598537007,0.12078450520833334,0.401256799697876,0.0
31,126976,1703.9,223.04161712424178,0.62,0.36,104.72,263.73780599491835,199.39498455093542,0.7,0.23333333333333334,121.53333333333333,13.47585442463557,108.1557503859202,-0.014202634270380562,216.34595413208007,1.0078215877215067,0.008856503221613821,0.12156575520833333,0.40206989645957947,0.0
32,131072,1708.0,258.207758769222,0.7,0.26,109.38,255.6280710233543,201.41077884755896,0.7,0.26666666666666666,93.13333333333334,9.907458051045735,127.07780143419902,-0.011491797509370372,254.1846434911092,1.0100519532958667,0.006715369655285031,0.0869140625,0.40236344933509827,0.0
33,135168,1712.4,267.602504623314,0.72,0.28,94.28,265.7281128351229,205.17584981729001,0.7333333333333333,0.26666666666666666,98.4,12.019087143739064,75.75892175038656,-0.01383785498328507,151.55153574943543,1.0028592313329379,0.010320466628278761,0.13338216145833334,0.39824506640434265,0.0
34,139264,1712.1,284.31855673223157,0.76,0.24,105.08,245.32628674478883,209.73611241155422,0.6666666666666666,0.26666666666666666,125.1,12.699479420979818,133.65300453503926,-0.01161985196134386,267.3352204163869,0.9956961564719677,0.007324922666399895,0.0935546875,0.40011584758758545,0.0
35,143360,1713.2,308.75926541300737,0.8,0.14,130.86,225.73479797409055,213.21270621027355,0.6333333333333333,0.3333333333333333,102.33333333333333,12.109201381603876,81.52226729393006,-0.01578382212028373,163.08213883241018,1.0062461773554483,0.011408965714508668,0.147119140625,0.4017593264579773,0.0
36,147456,1711.4,226.61064366470927,0.62,0.3,116.48,229.01353780070798,212.8771680557765,0.6333333333333333,0.3,122.93333333333334,15.289278030395508,86.29418450991312,-0.011866008798824624,172.61817479133606,1.0125561709205309,0.0092755067171917,0.11953125,0.4035765528678894,0.0
37,151552,1712.7,184.15635055743874,0.54,0.46,73.36,286.8411784977571,188.92549998937963,0.7666666666666667,0.23333333333333334,104.7,12.365787370999653,175.3225456237793,-0.011989173776237294,350.6751786073049,1.0173192684849104,0.007676791063083025,0.09853515625,0.40454286336898804,0.0
38,155648,1713.1,200.18610243875938,0.58,0.4,98.52,254.7610644999997,208.54177800344942,0.7,0.3,124.1,15.126636791229249,83.28823962608973,-0.010820269136456773,166.6042014757792,1.0138320694367091,0.008072774170917304,0.10126953125,0.4014532268047333,0.0
39,159744,1712.0,218.41817029100136,0.62,0.38,86.32,240.21871038080465,208.02278248785305,0.6666666666666666,0.3,111.96666666666667,13.796706040700277,90.49683899084727,-0.012151300366773891,181.02399935722352,1.0026865591605505,0.008822087659306513,0.11328125,0.39983630180358887,0.0
40,163840,1712.0,235.9819647099735,0.66,0.32,112.24,243.73592973596504,212.80564802345665,0.6666666666666666,0.3,101.96666666666667,12.73130784034729,109.10651140213012,-0.0117540211348872,218.2425575733185,1.0046745439370472,0.0089455597170551,0.11736653645833334,0.4028698801994324,0.0
41,167936,1715.2,286.3816112335792,0.76,0.2,127.26,183.40613841686843,222.84169446664353,0.5333333333333333,0.43333333333333335,83.93333333333334,10.944628691673278,87.06852463881175,-0.01200828846291794,174.1671246846517,1.0098504702250162,0.008192393468440666,0.10563151041666667,0.4005444049835205,0.0
42,172032,1717.4,233.1608416042542,0.64,0.32,113.82,276.19049493552575,198.78894380168506,0.7333333333333333,0.23333333333333334,121.9,14.64372260471185,98.95681814750036,-0.009375126969340878,197.93840078512827,1.0024764895439149,0.00800855891914883,0.10304361979166667,0.4013397693634033,0.0
43,176128,1720.2,215.3722915183412,0.6,0.34,122.88,219.0996618863518,221.67880175726756,0.6,0.36666666666666664,104.7,13.670646266142528,122.05801872412364,-0.012461637560045346,244.14694306055705,0.9964997614423434,0.008079064856186353,0.10361328125,0.3987019658088684,0.0
44,180224,1721.7,204.88715982607044,0.58,0.4,84.04,229.28002102931305,216.4414821919809,0.6333333333333333,0.36666666666666664,90.06666666666666,11.57574908733368,103.38945825497309,-0.011307877312841203,206.8074465274811,0.9862063385546207,0.009249553546639314,0.12159830729166667,0.39836543798446655,0.0
45,184320,1721.9,223.4543082541867,0.62,0.32,117.64,273.75447198170946,197.33094225085375,0.7333333333333333,0.2,119.46666666666667,12.822710198163985,108.5336439927419,-0.01132329106524897,217.0958292166392,0.9822942078113556,0.00886381908057956,0.11946614583333333,0.39682644605636597,0.0
46,188416,1720.6,269.78385822736584,0.72,0.2,128.62,248.63677487763445,210.48644230871332,0.6666666666666666,0.26666666666666666,127.43333333333334,14.788287746906281,83.29813430309295,-0.013720829682036613,166.6295722881953,0.9772032213707765,0.009720265025195355,0.12117513020833333,0.3961562216281891,0.0
47,192512,1723.1,242.77556732777543,0.66,0.34,88.7,183.40488254349114,228.92170270937245,0.5333333333333333,0.4666666666666667,91.7,11.766877194245657,109.90579946438471,-0.012827424749654407,219.8430166721344,0.9601221395035585,0.009594476776449786,0.125439453125,0.3900415301322937,0.0
48,196608,1722.6,218.50843883733603,0.6,0.36,97.24,184.65348948533068,224.5153229058477,0.5333333333333333,0.43333333333333335,105.26666666666667,12.10468204220136,98.36806689103445,-0.011110850318800658,196.76395030816397,0.9328947203854719,0.009047605814703274,0.11329752604166667,0.38596200942993164,0.0
49,200704,1723.9,194.02315237574302,0.54,0.38,119.12,240.4801393946914,211.78471183689246,0.6666666666666666,0.3333333333333333,78.0,9.996247593561808,63.055374530951184,-0.014039627428671035,126.14436738491058,0.9230822925766309,0.009685402851027902,0.121875,0.3867644667625427,0.0
50,204800,1726.2,206.72702089659677,0.58,0.4,95.5,333.22076683137647,153.57411422205024,0.8666666666666667,0.13333333333333333,88.03333333333333,11.733394527435303,138.52471445401508,-0.011192793471370048,277.0773600578308,0.9241250944634278,0.00877520172507502,0.11267903645833334,0.3869060277938843,0.0
51,208896,1726.0,210.73583803896096,0.58,0.32,133.58,276.2113656138091,196.84855388805917,0.7333333333333333,0.23333333333333334,110.1,14.636873046557108,105.39379003842672,-0.007862065602481986,210.80884431203205,0.9231172012786071,0.007339694343196849,0.09161783854166666,0.3871212899684906,0.0
52,212992,1724.5,258.6110373005183,0.7,0.28,104.5,157.5199874521751,221.3308776370708,0.4666666666666667,0.4666666666666667,126.2,14.399521764119466,85.33174201647441,-0.012879576279859369,170.69481228192646,0.9281365652879079,0.009697264980544181,0.12477213541666667,0.38776564598083496,0.0
53,217088,1723.5,230.37102391595727,0.64,0.34,86.26,248.06289270908775,203.3243563932305,0.6666666666666666,0.23333333333333334,127.13333333333334,15.357826979955037,119.72207883199056,-0.012293304445726487,239.47429841359457,0.9256942339241505,0.008561810399017607,0.11188151041666666,0.38615506887435913,0.0
54,221184,1723.6,235.80520199717034,0.64,0.28,115.04,273.5591835388014,202.46405585344297,0.7333333333333333,0.26666666666666666,97.7,13.102755810072024,55.6547705699236,-0.013776585724379899,111.34254184136024,0.9077885833560911,0.011471315775102435,0.1430789262820513,0.3815103769302368,1.0
55,225280,1725.4,213.78309563716462,0.6,0.34,125.64,229.31067900208166,217.1503140928605,0.6333333333333333,0.3333333333333333,98.43333333333334,11.05034987827142,75.01508510907492,-0.01687329080305062,150.06928026676178,0.8936542513469855,0.010362678255478385,0.12685546875,0.380264550447464,0.0
56,229376,1728.3,231.02921924027834,0.64,0.36,78.62,226.81713879819713,220.18988299674123,0.6333333333333333,0.36666666666666664,74.73333333333333,9.88567349910736,81.07475847403208,-0.014615836636706566,162.1840311765671,0.8804774262011051,0.008121542082517409,0.10750325520833333,0.37567728757858276,0.0
57,233472,1727.6,277.7614041080888,0.74,0.24,99.78,278.9711906324768,195.92890070201014,0.7333333333333333,0.2,118.33333333333333,13.656316693623861,95.74623100757599,-0.011243503180836948,191.52010831832885,0.8594956696033478,0.008545947258244268,0.11123046875,0.3732495903968811,0.0
58,237568,1727.3,196.55115987509782,0.56,0.4,101.94,214.52710944377534,218.7860885825017,0.6,0.36666666666666664,105.5,13.47675895690918,127.69641778469085,-0.009757121737735967,255.41741917928059,0.8448091889421145,0.008158550771380153,0.10594075520833333,0.36858633160591125,0.0
59,241664,1726.8,223.66157720493538,0.62,0.3,123.1,247.2476809318323,208.28103755049733,0.6666666666666666,0.26666666666666666,111.26666666666667,12.251339054107666,72.16991078456243,-0.011796807926536227,144.36838021278382,0.8273773123820622,0.009334733199405794,0.11907552083333334,0.3682286739349365,0.0
60,245760,1725.7,232.27756147312863,0.64,0.3,110.0,271.7525211579406,197.20477495853694,0.7333333333333333,0.2,125.0,13.943152276674907,87.62490757306416,-0.011155758470219249,175.27709628740948,0.8287733932336171,0.009941422321814268,0.12760416666666666,0.3690454363822937,0.0
61,249856,1726.8,223.44626397760752,0.62,0.34,107.88,225.27508443860262,216.43423617096036,0.6333333333333333,0.36666666666666664,76.73333333333333,9.972719446818035,111.15561989943187,-0.01296025094537375,222.3421734571457,0.8351410386463006,0.007685901870233162,0.09964192708333333,0.37089109420776367,0.0
62,253952,1728.2,218.54899596581674,0.6,0.34,116.78,255.0524979831502,209.68425944836284,0.7,0.3,99.73333333333333,12.82000710964203,54.06885188420613,-0.01170334717122993,108.16609161694845,0.8303440456589063,0.011529407439714609,0.14212239583333333,0.3666713237762451,0.0
63,258048,1729.4,280.905561595982,0.74,0.24,86.64,301.8817521288806,182.6107637092929,0.8,0.2,86.93333333333334,11.563118433952331,49.78120883107185,-0.016695513733429833,99.60067790746689,0.8118160558243592,0.011909505644386325,0.15260416666666668,0.3646164536476135,0.0
64,262144,1736.9,248.3548039549482,0.68,0.3,90.7,302.9516977952565,179.6806663420935,0.8,0.16666666666666666,91.53333333333333,11.28383188645045,429.4579544067383,0.0020158331220348677,858.9167073567709,0.804385224978129,0.013049159975101551,0.16015625,0.36481308937072754,1.0
65,266240,1740.1,251.6776711231232,0.68,0.26,120.94,259.10521266399667,207.91467409049847,0.7,0.3,77.9,10.658129652341207,68.05721916501217,-0.011050329467749411,136.1413581192756,0.8036110248859758,0.00824883827295499,0.10539991740088106,0.3637549877166748,1.0
66,270336,1740.1,203.85438474377935,0.58,0.4,86.08,239.25645802585692,216.54063188671938,0.6666666666666666,0.3333333333333333,89.2,11.28830943107605,170.60939825375874,-0.011895001295488327,341.24738852183026,0.799962401886781,0.007029367987706791,0.09401041666666667,0.3634462356567383,0.0
67,274432,1741.7,215.05757523263364,0.6,0.36,101.0,248.75154379032776,214.61248390560513,0.6666666666666666,0.3333333333333333,88.7,12.086391596620281,83.31200461387634,-0.014571743538059916,166.657963291804,0.8016670785844326,0.00954103752495333,0.1244140625,0.3643721640110016,0.0
68,278528,1741.4,273.6036745461755,0.72,0.2,125.44,255.49717289739772,207.65885348163002,0.7,0.3,119.26666666666667,13.794935472806294,97.44659215609232,-0.009324997655736904,194.91665371259054,0.8031497274835905,0.00860149234746738,0.11311848958333333,0.3639291226863861,0.0
69,282624,1743.1,224.1430719211574,0.62,0.34,99.82,209.46625357161898,221.64032105446745,0.6,0.36666666666666664,90.53333333333333,11.21731566588084,89.74408219655355,-0.014798957196762785,179.5225325902303,0.7949997362991174,0.01017282151588006,0.13046875,0.36033135652542114,0.0
70,286720,1742.7,241.38427745294132,0.66,0.32,80.78,246.16035939807827,213.3223724087694,0.6666666666666666,0.3,108.5,14.198422567049663,94.84217517375946,-0.011065948259783909,189.71118960380554,0.784304582575957,0.007329541795964663,0.09329427083333333,0.361367404460907,0.0
71,290816,1743.4,223.53719076415004,0.62,0.36,88.88,274.08803989142723,199.3780448298459,0.7333333333333333,0.23333333333333334,93.86666666666666,11.043997637430827,76.10047809680303,-0.010394998694149156,152.22644833723703,0.7836029517153899,0.01062693064789831,0.136279296875,0.3601158857345581,0.0
72,294912,1744.6,217.0795867054892,0.6,0.34,116.94,252.18679275723946,208.73944950675306,0.7,0.3,103.96666666666667,13.172275098164876,84.05943649212519,-0.011865546331197645,168.147261929512,0.7762531993289788,0.01033578376227524,0.135888671875,0.35649386048316956,0.0
73,299008,1744.9,217.8522460857143,0.6,0.34,104.48,305.9788722103086,182.2284919313968,0.8,0.16666666666666666,115.13333333333334,15.188525644938151,95.12728889783223,-0.013477802854807427,190.2861518939336,0.7695413115123908,0.009762206237064674,0.12493489583333334,0.35953325033187866,0.0
74,303104,1743.8,249.02416516110773,0.68,0.3,90.42,228.51675274053397,222.1418598220716,0.6333333333333333,0.3,131.4,12.38149585723877,78.21736971139907,-0.011285736740683205,156.46199663480124,0.7809243706365426,0.010199518153482738,0.12843424479166668,0.35967811942100525,0.0
75,307200,1744.5,246.49301167336,0.68,0.3,95.46,217.93308982753607,222.12438225373828,0.6,0.36666666666666664,96.33333333333333,11.218269205341736,87.77748833100001,-0.010601446641521762,175.58088460763295,0.7838817698260149,0.011273849343706389,0.13756510416666667,0.36075884103775024,0.0
76,311296,1745.4,284.1623213159843,0.76,0.2,120.54,225.82793597770294,219.3814965637366,0.6333333333333333,0.3333333333333333,91.6,10.160164292653402,80.93910489082336,-0.01056780075111116,161.90399470329285,0.7752952275176843,0.009096785891839924,0.11575520833333333,0.35565513372421265,0.0
77,315392,1746.4,231.33299862281547,0.64,0.34,89.14,200.34340800631557,214.59852466728054,0.5666666666666667,0.36666666666666664,94.0,9.30004072189331,113.22298906644185,-0.011312339418024446,226.47318131128947,0.7636532654364904,0.008209470319464647,0.105322265625,0.35860639810562134,0.0
78,319488,1746.5,229.73250966993663,0.64,0.36,95.06,230.01453952168174,213.4592440169022,0.6333333333333333,0.3,109.63333333333334,12.341204738616943,61.83336903224482,-0.01250786296577219,123.69637161326186,0.7695792749106327,0.008562138885102957,0.10817026869158879,0.3575650453567505,1.0
79,323584,1747.9,202.70245473379808,0.56,0.38,99.74,212.39500485759837,224.76680240411258,0.6,0.4,83.46666666666667,11.124382821718852,87.60777668952942,-0.011145091343981525,175.24240899880726,0.7611083400746187,0.00953369620401645,0.12247721354166667,0.3560943007469177,0.0
80,327680,1747.8,199.5457554757802,0.56,0.38,112.98,216.08367836869743,214.64579055372246,0.6,0.3,135.6,12.897815594573816,82.23911020358403,-0.013052836532976168,164.5088552395503,0.7548734041551749,0.010890476221296316,0.13743489583333332,0.35592764616012573,0.0
81,331776,1749.7,234.4812141367195,0.64,0.3,104.14,253.83073199532106,207.88735494879765,0.7,0.3,76.56666666666666,9.483752663930257,68.19371658408123,-0.008524422790936154,136.40896997866423,0.7479704196038454,0.011909782502840718,0.14439538043478262,0.3512299060821533,1.0
82,335872,1752.2,244.94794259394115,0.66,0.24,127.38,262.8906994415387,201.74888833044403,0.7,0.2,139.66666666666666,14.730236236254374,206.04718017578125,0.013591913506388664,412.0715728759766,0.732917046546936,0.012375990638975053,0.087890625,0.3514477610588074,1.0
83,339968,1753.4,236.55705252289644,0.64,0.22,160.7,256.89024810110305,208.95418939105247,0.7,0.26666666666666666,98.83333333333333,12.262145574887594,60.02539089520772,-0.01204881886660587,120.07929928302765,0.7369197597106297,0.010983616117058167,0.13909505208333334,0.35264837741851807,0.0
84,344064,1754.6,228.6077146334133,0.62,0.26,138.94,202.6035798927939,217.83933557160208,0.5666666666666667,0.36666666666666664,105.16666666666667,13.977806401252746,85.15912785530091,-0.012424661900149658,170.34749021530152,0.7306537546217442,0.009247586793693092,0.11865234375,0.3481678068637848,0.0
85,348160,1753.9,250.64121498191165,0.68,0.28,103.98,259.36239298604266,204.05443852907777,0.7,0.23333333333333334,115.46666666666667,12.43870747089386,65.59433028697967,-0.010690344334580004,131.2142724474271,0.7054362048705419,0.01270411249861354,0.15623372395833332,0.34368211030960083,0.0
86,352256,1755.0,275.9001879000679,0.74,0.26,91.46,275.60207973678706,199.28147551254165,0.7333333333333333,0.26666666666666666,92.4,12.442361569404602,76.63945935927715,-0.011497559037885255,153.30606580517954,0.6920571271906194,0.010727504025256625,0.13450386597938144,0.3448074758052826,1.0
87,356352,1756.6,218.22244488835034,0.6,0.34,106.88,246.38894639728827,216.4570718427804,0.6666666666666666,0.3333333333333333,96.96666666666667,13.493732102711995,121.38571445941925,-0.008142537460662425,242.7918792406718,0.6949217863380909,0.008604800657485612,0.1146484375,0.3445311188697815,0.0
88,360448,1756.5,206.01598587070646,0.58,0.36,114.98,186.7410134998383,226.30971539700354,0.5333333333333333,0.36666666666666664,114.26666666666667,13.253276872634888,72.12359627485276,-0.012968416636188826,144.27730128765106,0.6955508386095365,0.010080012712084379,0.13058268229166667,0.34533172845840454,0.0
89,364544,1755.7,183.98987503146702,0.54,0.42,101.0,170.1319198811026,223.88134273717907,0.5,0.4666666666666667,104.63333333333334,11.551372906068961,79.58904178142548,-0.014262193129009877,159.21077751318614,0.6947266591091951,0.009604347353160847,0.12374674479166667,0.3434986472129822,0.0
90,368640,1755.8,156.42328290548204,0.48,0.46,101.22,319.4154731753267,170.2305469736838,0.8333333333333334,0.13333333333333333,111.6,15.497849289576212,140.07711861928303,-0.009748068783665076,280.17786015669503,0.6885815925896168,0.008442884526933389,0.10530598958333333,0.34473341703414917,0.0
91,372736,1757.0,201.25918126223365,0.56,0.4,99.94,223.2489251104278,224.02033892663673,0.6333333333333333,0.36666666666666664,95.83333333333333,12.171611754099528,92.82852770884831,-0.011853509559296071,185.68491411209106,0.6922921491165955,0.009371039536684595,0.121484375,0.34444934129714966,0.0
92,376832,1758.5,232.80217393090004,0.64,0.34,97.08,177.58394470837482,230.52204395560932,0.5333333333333333,0.4666666666666667,78.33333333333333,9.969805374741554,92.6030548175176,-0.011647079015771548,185.23353457450867,0.6886892393231392,0.008619900709891225,0.11344401041666667,0.34224581718444824,0.0
93,380928,1757.7,230.76417867747358,0.64,0.32,107.24,276.25357890991364,197.88844787568425,0.7333333333333333,0.23333333333333334,100.93333333333334,12.775405304630597,96.95979217688243,-0.013945448812834608,193.95154399077097,0.6782441760102907,0.007335281471023336,0.09342447916666667,0.34003740549087524,0.0
94,385024,1758.0,256.3513468527553,0.68,0.26,118.56,186.2815390620953,218.10834701768613,0.5333333333333333,0.4,111.03333333333333,12.940829261144001,34.96338762243589,-0.010904869807806488,69.95267967780431,0.6824457116425038,0.014682417580722055,0.17265625,0.34308505058288574,0.0
95,389120,1761.4,184.93000824420562,0.54,0.44,92.5,263.48255533882616,202.6154727123138,0.7,0.23333333333333334,124.63333333333334,16.796839157740276,417.92113037109374,0.002268839254975319,835.8418640136719,0.6896770179271698,0.013985947601031511,0.16875,0.3431677222251892,1.0
96,393216,1762.1,229.7290362033276,0.64,0.34,99.54,239.66689759476532,217.74147542297035,0.6666666666666666,0.3333333333333333,92.13333333333334,11.690310788154601,89.76828281084697,-0.013094296304431433,179.56691494782766,0.6930785295863946,0.00848876426462084,0.11123046875,0.3441753387451172,0.0
97,397312,1760.6,204.06491341369673,0.58,0.36,107.36,207.76450619383073,221.26160124382727,0.6,0.36666666666666664,122.4,14.561793752511342,59.06608036359151,-0.011690529979144533,118.15970034996668,0.6929238947729269,0.011132976103302402,0.135791015625,0.34251639246940613,0.0
98,401408,1762.2,239.2135415915571,0.66,0.34,96.82,270.2995322558166,198.47746931829013,0.7333333333333333,0.26666666666666666,73.93333333333334,9.536760703722637,70.94204145471255,-0.01242372374011514,141.91302863756815,0.683034136146307,0.010773818444674059,0.142626953125,0.34157121181488037,0.0
99,405504,1763.8,243.58943645237585,0.66,0.28,112.32,122.09314245203466,223.9237911682127,0.4,0.5666666666666667,83.2,10.194943606853485,81.04683367981504,-0.008734323217997102,162.1152386601196,0.6838539675746798,0.010804421978902422,0.13880325112107622,0.3423875570297241,1.0
100,409600,1764.8,218.1778367700007,0.6,0.34,104.38,231.6724138746069,219.4083980988937,0.6333333333333333,0.3333333333333333,93.53333333333333,11.30110723177592,90.93210957689983,-0.012961138478230412,181.894253735426,0.6854236963318615,0.010246043220139677,0.13096417682926828,0.3423861861228943,1.0
101,413696,1764.0,274.6741564632554,0.72,0.24,105.26,318.26221707422206,168.24059061137254,0.8333333333333334,0.13333333333333333,109.76666666666667,12.916255227724712,49.65163679520289,-0.01214411115506664,99.33169203201929,0.6883826322853566,0.010218880424023762,0.13180338541666667,0.3424854278564453,0.0
102,417792,1761.5,264.31566858757816,0.72,0.24,108.96,237.90388090673903,203.87143299956304,0.6333333333333333,0.2,160.63333333333333,18.348975467681885,61.16756674051285,-0.010359410580713302,122.3599492073059,0.6829845192531745,0.008995337812909081,0.11256510416666667,0.3397905230522156,0.0
103,421888,1761.1,233.56145006297228,0.64,0.32,113.54,269.8223398427998,201.95301696222322,0.7333333333333333,0.26666666666666666,91.6,12.140225094556808,99.84341819213468,-0.010441349857938211,199.71178011498597,0.6766416047858359,0.010192146766768143,0.12564819868995633,0.3421482443809509,1.0
104,425984,1761.5,252.74479934450952,0.68,0.3,91.6,177.22630477898866,224.89124871959234,0.5,0.43333333333333335,109.13333333333334,13.21957343419393,60.44591021644695,-0.008948029643300536,120.91376118168168,0.6742269888587062,0.011899317606903546,0.14572239349775784,0.3371894359588623,1.0
105,430080,1762.8,270.6177868973342,0.72,0.24,100.6,197.16451789700074,225.91450282551645,0.5666666666666667,0.43333333333333335,71.46666666666667,9.856506617863973,96.7145931482315,-0.012977944664695922,193.459055519104,0.6523031334082285,0.008786097109744635,0.11129557291666667,0.33623218536376953,0.0
106,434176,1763.9,256.1254295086014,0.7,0.3,77.58,210.68978500219086,225.83923182226897,0.6,0.4,88.23333333333333,12.28099323908488,43.82490430094979,-0.01136915845457803,87.67641379616477,0.6443605561148037,0.010886704256038436,0.13336292613636364,0.3336726427078247,1.0
107,438272,1764.8,250.3241310156678,0.68,0.28,111.18,283.9522078643865,191.4732991210068,0.7666666666666667,0.23333333333333334,86.3,11.357648837566376,60.86919995148977,-0.01270631122024497,121.76761843363444,0.6343269529441993,0.010858645701470474,0.14034830729166667,0.3324108123779297,0.0
108,442368,1765.0,192.28160896383545,0.56,0.42,82.32,290.5509345520403,186.935970523492,0.7666666666666667,0.2,105.66666666666667,13.610298879941304,80.45148132573003,-0.01341106191722919,160.93356635881506,0.630271821954976,0.011156788426856308,0.13841711956521738,0.33277052640914917,1.0
109,446464,1765.6,238.37456126856742,0.66,0.34,72.72,199.50422246059543,222.60013709774506,0.5666666666666667,0.4,86.7,11.402580086390177,59.241814397867756,-0.010599036841306477,118.50863450341643,0.6349157907972774,0.011930337742703604,0.14824137029288703,0.33360233902931213,1.0
110,450560,1766.2,276.7426825131105,0.74,0.22,111.62,284.92402051237485,191.74974021683374,0.7666666666666667,0.23333333333333334,86.26666666666667,10.772320763270061,65.49541214740637,-0.007226345263365091,131.00906152436227,0.6306866350198033,0.01235987847398101,0.15169270833333334,0.3303351402282715,1.0
111,454656,1769.7,276.20706772483646,0.74,0.22,118.16,245.64832121858245,218.34225377206275,0.6666666666666666,0.3333333333333333,96.63333333333334,13.011393451690674,432.3407859802246,0.00501249183434993,864.6752548217773,0.6164266243577003,0.014753619441762567,0.1513671875,0.3299759328365326,1.0
112,458752,1770.4,182.00512101150105,0.52,0.42,105.34,196.67516277384033,221.4101544805662,0.5666666666666667,0.4,88.7,9.980229957898457,88.19767657121022,-0.01178817946347408,176.42259917259216,0.6117732400695483,0.008762194530572743,0.11162109375,0.3291003108024597,0.0
113,462848,1770.1,220.63885942206514,0.62,0.34,97.3,330.6266117536151,156.3316204357602,0.8666666666666667,0.13333333333333333,88.76666666666667,11.94738081296285,50.00080850124359,-0.013509409577818588,100.03225049177806,0.6023361146450043,0.011056820700954024,0.142333984375,0.32551562786102295,0.0
114,466944,1769.4,241.26400367362453,0.66,0.3,100.98,218.1784013757348,220.13513224468943,0.6,0.3333333333333333,107.06666666666666,13.817828464508057,56.12893759012222,-0.014540419824576626,112.29050960540772,0.5919985353946686,0.010216673324854734,0.13274739583333334,0.3271358013153076,0.0
115,471040,1771.2,326.68456533878134,0.84,0.12,109.38,198.62100971768524,218.3881403776503,0.5666666666666667,0.4,84.1,9.267148733139038,50.7246797771354,-0.010753840412847035,101.47451614459771,0.6079412995208621,0.011725816106501752,0.14254744764397906,0.33079713582992554,1.0
116,475136,1772.6,200.15748048342743,0.56,0.38,109.44,259.89525821874327,208.1201889003002,0.7,0.3,98.66666666666667,12.146030267079672,63.95237630844116,-0.007766647149498264,127.92400519053142,0.6200221757094065,0.010326521356279652,0.12111979166666667,0.3299456834793091,1.0
117,479232,1772.5,208.918304696146,0.58,0.38,97.56,293.8083384041536,188.14998103290256,0.7666666666666667,0.2,109.93333333333334,14.598813549677532,35.990194509142924,-0.012605421721846574,72.00929667609078,0.6161445177736736,0.010761046376345413,0.12905505952380952,0.32979345321655273,1.0
118,483328,1772.6,265.1653810905176,0.72,0.28,80.54,159.90858062933552,227.19282685670126,0.4666666666666667,0.4666666666666667,92.3,12.584428910414378,53.28947763045629,-0.01410684069657388,106.61084118684133,0.6120971667269866,0.009728484877268784,0.12195638020833334,0.32882028818130493,0.0
119,487424,1773.0,267.2419984668197,0.72,0.26,96.22,249.40840205423274,216.96116527559408,0.6666666666666666,0.3,104.7,12.946397511164347,56.5577645222346,-0.014811297009388606,113.14878403345743,0.6053938825925191,0.009510240661135564,0.12337239583333333,0.328041136264801,0.0
120,491520,1774.3,300.39948214145704,0.8,0.16,92.6,240.39863099983853,216.44951613329425,0.6666666666666666,0.3333333333333333,78.13333333333334,10.183579595883687,72.45983746051789,-0.013439822846945997,144.95014028549195,0.5976863878468672,0.010375991929322481,0.13662109375,0.3253163993358612,0.0
121,495616,1774.6,305.82389824805006,0.8,0.2,84.42,278.35788730394427,196.5242663943234,0.7333333333333333,0.23333333333333334,94.4,12.583408029874166,41.60920950603969,-0.013728390795268535,83.24936159976242,0.581067286167048,0.010970272686389195,0.13642131979695432,0.32355788350105286,1.0
122,499712,1773.4,185.14791407191925,0.54,0.44,76.06,259.4417611629792,204.99323765261374,0.7,0.23333333333333334,126.56666666666666,15.167332291603088,86.79059130748114,-0.011325681972084566,173.60727823575337,0.5740161331991355,0.01138172767435511,0.14484049479166666,0.3233974575996399,0.0
123,503808,1773.1,256.93390361676154,0.7,0.3,93.04,228.7629883759801,220.1392066164919,0.6333333333333333,0.3333333333333333,120.13333333333334,14.089701350529989,84.80714580615361,-0.013713094795821234,169.64516153335572,0.5744763637582461,0.010682554800102178,0.1404296875,0.32477909326553345,0.0
124,507904,1774.7,245.7113525579264,0.66,0.28,109.76,231.84325326032302,216.66345602726642,0.6333333333333333,0.3333333333333333,107.1,14.01707665125529,73.48584914625737,-0.0036866582946427037,146.98258691085013,0.5862016594200804,0.010077390037558712,0.12123081140350878,0.3266720473766327,1.0
125,512000,1774.1,175.5533091214469,0.52,0.46,84.18,349.985122708908,136.20190277427508,0.9,0.1,96.43333333333334,13.112488496303559,173.08409396807352,-0.01148852715268731,346.19471055666605,0.5913666712741057,0.008827073888581557,0.11217447916666666,0.32602494955062866,0.0
126,516096,1773.9,291.760863953413,0.78,0.22,91.84,214.967849077615,223.16837234927186,0.6,0.4,80.4,11.079918413609267,78.93394210735957,-0.010727196372075316,157.8928299744924,0.5820518632729849,0.009789347478848262,0.12247721354166667,0.32350635528564453,0.0
127,520192,1772.7,302.44496407623603,0.8,0.18,86.96,262.53418382785054,202.73550157502945,0.7,0.23333333333333334,122.16666666666667,13.899903750419616,68.17041091124217,-0.015107532555703074,136.37450366020204,0.5775857701897621,0.01102820784629633,0.14251302083333334,0.32460740208625793,0.0
128,524288,1773.8,295.8800522468795,0.78,0.16,115.04,232.87802347919944,216.92458526564934,0.6333333333333333,0.3333333333333333,92.7,11.218908659617107,70.66528033677426,-0.00782739565910657,141.34970841860638,0.5822334789031045,0.0101139558083768,0.12870984636871508,0.3247085511684418,1.0
129,528384,1773.0,184.9207320161809,0.54,0.42,97.42,243.14086027413916,214.72711606962045,0.6666666666666666,0.3,109.46666666666667,13.84028036693732,120.00115519364675,-0.011543707778522124,240.02886433601378,0.5776196914414565,0.010105199967316974,0.12848307291666666,0.32354092597961426,0.0
130,532480,1773.1,224.45542281387756,0.62,0.34,103.8,293.491082404714,185.48357564698767,0.7666666666666667,0.16666666666666666,106.26666666666667,13.966756668779999,72.78175367116928,-0.012319388942948232,145.5915712674459,0.5710098179678122,0.010444590187398716,0.13343098958333333,0.32278794050216675,0.0
131,536576,1773.0,229.25379145789142,0.64,0.34,100.94,242.4984705286961,214.56569794316002,0.6666666666666666,0.3333333333333333,89.26666666666667,12.1176460425059,93.37054400046667,-0.012845225725322961,186.77017483711242,0.5657972159485022,0.01051335053925868,0.13553059895833333,0.32207250595092773,0.0
132,540672,1773.5,254.1875073108714,0.68,0.26,100.64,269.9819251208478,196.99066209482325,0.7333333333333333,0.26666666666666666,87.86666666666666,11.12525513569514,74.11017580337176,-0.00929388012226722,148.24230155770638,0.5601535474873025,0.010835819220655176,0.14246218607305935,0.32088005542755127,1.0
133,544768,1773.5,245.08838492510338,0.68,0.32,77.76,292.46779241316773,184.81901688745384,0.7666666666666667,0.2,107.8,14.170526099205016,72.8140943959273,-0.00710161252575026,145.6457709001573,0.5630658035120253,0.01220499705240254,0.1562931629834254,0.3242356777191162,1.0
134,548864,1771.8,201.97438644906296,0.58,0.4,91.72,279.24781314478884,183.5009383576864,0.7333333333333333,0.13333333333333333,168.43333333333334,15.972182875871658,65.01662919384792,-0.01295688387728604,130.0626064922316,0.5724292977791,0.01295700863143224,0.16003579295154186,0.3223450779914856,1.0
135,552960,1772.4,224.73000701869626,0.62,0.34,106.3,255.41264595911494,205.68660907106246,0.7,0.3,82.53333333333333,10.630049242575963,66.59642888307572,-0.012582073850596013,133.22140651543936,0.5639735835293929,0.011059351019988147,0.13740234375,0.3222219944000244,0.0
136,557056,1771.8,251.42888113370753,0.68,0.26,113.54,279.9823273224511,189.48716317631903,0.7333333333333333,0.16666666666666666,127.3,15.185196002324423,107.271013879776,-0.010030600075454761,214.56550596555073,0.5697093769907952,0.010316679626703263,0.12936197916666667,0.3261518180370331,0.0
137,561152,1774.6,243.05271572548364,0.66,0.3,111.3,275.54255584112803,197.84565580130942,0.7333333333333333,0.23333333333333334,103.1,12.430687999725341,347.39848709106445,0.017902183036009472,694.7646662394205,0.5847453127304713,0.013384572909368822,0.12955729166666666,0.3263660669326782,1.0
138,565248,1774.2,218.33132738217375,0.6,0.34,122.24,197.77897026537963,222.33449185075636,0.5666666666666667,0.4,121.36666666666666,14.54833429257075,142.45121386845906,-0.011921182352428636,284.9297664960225,0.5821044536928336,0.007576710653180877,0.09763997395833333,0.3249160051345825,0.0
139,569344,1774.5,282.0072404666722,0.74,0.2,118.38,269.71969399803385,199.8102077578273,0.7333333333333333,0.26666666666666666,90.2,10.771485330661138,62.45504428325087,-0.012338266224471149,124.93825264524615,0.5811162650870364,0.012110645448316654,0.14647502990430622,0.3267208933830261,1.0
140,573440,1777.4,205.98352112544,0.58,0.36,108.82,217.78511230130852,221.37117838714653,0.6,0.36666666666666664,106.6,13.934750974178314,281.2273826599121,0.006908457338189085,562.444475809733,0.5867960651715597,0.017122464409718912,0.17936197916666666,0.32665184140205383,1.0
141,577536,1777.2,216.02996988353493,0.6,0.34,97.38,211.3172449548961,221.2917716506169,0.6,0.36666666666666664,117.36666666666666,14.967703127861023,82.77636538611517,-0.011855164902511412,165.5799422087493,0.5836720908129657,0.00922880759438076,0.11820023148148148,0.3251859247684479,1.0
142,581632,1777.4,223.62611802242074,0.62,0.34,108.94,214.85475979998895,220.87390951114494,0.6,0.3333333333333333,107.33333333333333,14.434287373224894,68.80749086538951,-0.01443068024236709,137.64734970728557,0.5845577624936898,0.010450628159257272,0.13230794270833332,0.32652372121810913,0.0
143,585728,1776.7,253.01589012575397,0.68,0.28,105.66,299.379698046913,186.2690711977693,0.7666666666666667,0.16666666666666666,121.9,14.809017133712768,70.97458163102468,-0.011569343444231587,141.97580400307973,0.5835357166826725,0.012085960806386235,0.15364583333333334,0.32523590326309204,0.0
144,589824,1777.3,241.7573288817017,0.66,0.3,108.24,290.4464094368374,196.04999231321403,0.7666666666666667,0.23333333333333334,95.66666666666667,12.99932455221812,83.9543734550476,-0.012241910369179787,167.93675756000337,0.5879494343485151,0.010258454850520052,0.13165922619047618,0.3279353976249695,1.0
145,593920,1777.3,241.81034003379926,0.66,0.34,97.44,250.98297427859148,207.30077676616523,0.6666666666666666,0.23333333333333334,125.53333333333333,15.045243088404337,86.18417840845444,-0.011628081214011592,172.39520106596106,0.5978468158665825,0.010686630514614723,0.13777573529411766,0.3277824819087982,1.0
146,598016,1778.6,238.33536900504976,0.66,0.34,71.9,241.30988009058117,208.46203646001416,0.6666666666666666,0.3,98.3,12.188111758232116,65.55012927585177,-0.012052739942791286,131.12793761359322,0.5958086212476095,0.009698822188915478,0.12633101851851852,0.32681727409362793,1.0
147,602112,1781.9,192.05549727719293,0.54,0.38,112.92,193.47592321595914,220.68753128525734,0.5666666666666667,0.43333333333333335,73.13333333333334,9.003095587094625,476.5024247602983,0.004805059468542988,952.9987737482244,0.5906913117928938,0.013091585090891882,0.13636363636363635,0.32646527886390686,1.0
148,606208,1781.3,213.7235964657813,0.6,0.34,110.0,229.28981999066608,213.6217065717902,0.6333333333333333,0.3333333333333333,94.76666666666667,11.808569490909576,47.848006376853355,-0.017491971319700535,95.7345519065857,0.5925293796592288,0.012717601747658009,0.15838675213675213,0.3269421458244324,1.0
149,610304,1783.2,218.5752644245943,0.62,0.34,105.6,142.67936894184382,221.06042717981217,0.43333333333333335,0.4666666666666667,121.3,14.91309975385666,402.8753849909856,0.008142057089851452,805.738027719351,0.5921672536776617,0.014796411170839118,0.16286057692307693,0.3266761302947998,1.0
150,614400,1783.7,230.45723280869416,0.62,0.28,132.6,334.54059201561756,151.89388657437158,0.8666666666666667,0.13333333333333333,89.73333333333333,12.42073130607605,64.56401621103286,-0.011373157915659248,129.15432475407917,0.5911584608256817,0.010184246255084873,0.12742513020833332,0.326499342918396,0.0
151,618496,1786.0,252.33225152716201,0.68,0.28,103.34,172.14700618874468,224.38527194476515,0.5,0.43333333333333335,103.0,13.219968154033024,271.6264892578125,-0.013592474721372127,543.2837005615235,0.5914834320545197,0.01542982088867575,0.163671875,0.3265911340713501,1.0
152,622592,1784.9,284.3578139572787,0.76,0.22,99.72,239.98810798801503,199.35680442612983,0.6333333333333333,0.2,156.36666666666667,19.60373136202494,61.26989360451698,-0.008330673390688995,122.55996995766958,0.5871969933311144,0.011329789165756665,0.13995768229166666,0.3247867822647095,0.0
153,626688,1785.0,201.74352402584387,0.58,0.38,99.44,230.51528171706565,213.1950025539323,0.6333333333333333,0.3333333333333333,86.06666666666666,11.787101584672929,73.05927561918894,-0.012318069602285202,146.14664277235667,0.5762300652762254,0.010485461979988031,0.13553059895833333,0.3216249346733093,0.0
154,630784,1784.7,224.61656820506514,0.62,0.3,127.16,199.5991483609521,217.66827793307814,0.5666666666666667,0.36666666666666664,111.76666666666667,13.677002056439717,90.61617648260933,-0.013679320675631363,181.26307060605004,0.56035386352312,0.011538612884691074,0.14481026785714285,0.3214505612850189,1.0
155,634880,1785.0,194.81131999323213,0.54,0.34,144.02,213.2950173705916,224.71983498915316,0.6,0.4,93.1,12.845246676603953,71.20208950837453,-0.01245005350986806,142.43247052033743,0.565225362032652,0.01086040354760674,0.138134765625,0.3228778839111328,0.0
156,638976,1785.0,231.98339904208905,0.62,0.26,139.9,181.51798553985267,227.69043870303213,0.5333333333333333,0.43333333333333335,94.6,12.056810792287191,71.98219770987829,-0.007284495104492332,143.98230545520784,0.5568480677902699,0.01076954067296659,0.13616536458333334,0.317533016204834,0.0
157,643072,1783.9,255.75713925671968,0.68,0.2,137.14,280.3327901844799,192.94876029837803,0.7333333333333333,0.16666666666666666,162.76666666666668,19.2570689757665,46.29839827858399,-0.011780013792678087,92.62359196226174,0.5393531183216059,0.012556834654473464,0.16130622079439252,0.31910914182662964,1.0
158,647168,1784.7,233.1101335151578,0.64,0.28,115.56,258.63806720375413,207.90177163038783,0.7,0.26666666666666666,111.23333333333333,14.500648526350657,80.6687736567329,-0.008497789181659327,161.35784413954792,0.550024633547839,0.010476644586443025,0.13566176470588234,0.3200508654117584,1.0
159,651264,1784.6,179.67967030964834,0.52,0.42,110.12,139.36969995259832,225.0555282616837,0.43333333333333335,0.5,113.8,15.524207051595052,70.23879699707031,-0.012751290651309925,140.50639543533325,0.5498163764675458,0.009495197142435548,0.12068684895833333,0.3188864290714264,0.0
160,655360,1785.0,230.55229705693347,0.64,0.32,100.94,275.254398281898,201.66271672566776,0.7333333333333333,0.26666666666666666,82.8,11.591145832339922,93.13701113859813,-0.016694311759783885,186.3106553395589,0.5408002237478892,0.008951104119963324,0.11640625,0.317217618227005,0.0
161,659456,1785.4,242.65359150109154,0.66,0.28,105.34,262.17747799982834,202.4926296778993,0.7,0.23333333333333334,107.0,14.005422059694926,95.41860579985838,-0.011557830441653585,190.8635210440709,0.5323846136721281,0.011111674369133722,0.13991135817307693,0.31643253564834595,1.0
162,663552,1784.4,209.08160027163208,0.58,0.34,117.02,192.63711012225107,217.43689994432387,0.5333333333333333,0.3333333333333333,147.0,14.610032671689988,135.30787864526113,-0.014533783404234175,270.6480018456777,0.5299656853079796,0.010091947075367595,0.136767578125,0.31607356667518616,0.0
163,667648,1785.5,237.49910465314395,0.64,0.24,144.82,281.993798714016,188.7678510445616,0.7666666666666667,0.23333333333333334,78.7,9.700784234205882,91.43366831938425,-0.011518555557510505,182.89358636538188,0.5356014591952165,0.009734247358089003,0.12342122395833334,0.31818556785583496,0.0
164,671744,1786.1,269.59442372910945,0.72,0.2,125.38,211.60039604901633,220.42738439839493,0.6,0.4,87.76666666666667,11.060566218694051,65.05161668459574,-0.012906829843996093,130.13227712313335,0.5384328643480937,0.011755778999455894,0.14866536458333332,0.31653499603271484,0.0
165,675840,1786.4,251.42036205275573,0.68,0.28,104.68,229.30641834223294,219.35797031813786,0.6333333333333333,0.36666666666666664,86.0,11.339546781778335,60.298375000463466,-0.011372700405402858,120.6226863861084,0.5318703308840779,0.012683674449397025,0.1621458820093458,0.3159613311290741,1.0
166,679936,1785.9,223.61872244834802,0.62,0.32,119.9,240.7359801176059,215.1157908923519,0.6666666666666666,0.3,122.86666666666666,13.330529832839966,86.33935599327087,-0.014577779065196713,172.71102816263834,0.5266783167918523,0.010993930611099738,0.13411458333333334,0.3151927888393402,0.0
167,684032,1786.6,213.38666378294332,0.6,0.38,89.84,278.2492681086269,199.18332912693654,0.7333333333333333,0.2,112.53333333333333,15.127132014433544,84.185828693493,-0.01327593904995435,168.4013119362496,0.5167679712579057,0.011243016158255773,0.13855574324324324,0.3119922876358032,1.0
168,688128,1787.7,224.6760586634251,0.62,0.34,101.56,272.3158059264262,193.84928457431292,0.7333333333333333,0.23333333333333334,90.76666666666667,10.882299423217773,58.49834719206157,-0.01058772820489187,117.02087986594752,0.501655742839763,0.012876724906412786,0.15596217105263158,0.31166720390319824,1.0
169,692224,1789.2,216.06682425909824,0.6,0.36,113.04,190.31260398254025,219.47596720837166,0.5333333333333333,0.36666666666666664,129.2,15.264049418767293,419.03607177734375,0.005712324466842871,838.063716008113,0.5007826823454636,0.01584430096241144,0.18269230769230768,0.31163644790649414,1.0
170,696320,1788.8,234.5198632093009,0.64,0.32,110.06,248.1342474023164,206.49640179152522,0.6666666666666666,0.26666666666666666,114.76666666666667,15.247138874977827,131.0825213988622,-0.012933355385515218,262.19393151601156,0.5035752433041731,0.00876000611363755,0.11028645833333334,0.31266987323760986,0.0
171,700416,1788.8,247.83906277275358,0.66,0.26,135.04,187.26925781330016,224.4025619390006,0.5333333333333333,0.4,128.83333333333334,14.617651661237081,95.50339264269697,-0.006949227056558559,191.02375305883143,0.5116220594241919,0.010165263773774766,0.1275093129139073,0.3141649067401886,1.0
172,704512,1788.8,276.0035214336538,0.72,0.16,146.64,234.8644888393758,207.7029326377724,0.6333333333333333,0.3,112.03333333333333,13.875566756725311,68.17925823926926,-0.009341148105644,136.38033271630604,0.5222652360796929,0.01038058018408871,0.12542317708333334,0.31504398584365845,0.0
173,708608,1788.9,249.8207859636429,0.66,0.22,143.4,171.40554144512234,219.41556253442448,0.5,0.4,122.26666666666667,13.664337436358133,87.45231372404864,-0.00851931002608595,174.92476117547184,0.5162339857555328,0.011796124263312967,0.13749164438502673,0.31225401163101196,1.0
174,712704,1789.2,199.18646467730105,0.56,0.38,116.28,208.5671869333325,221.7164015400271,0.5666666666666667,0.36666666666666664,107.6,13.843880069255828,93.87640204826991,-0.015174188928601022,187.78619288603466,0.5067730570832888,0.012680937365318338,0.15887044270833334,0.31240707635879517,0.0
175,716800,1789.0,232.43254377140534,0.64,0.3,108.96,189.23127642353933,229.9503446263099,0.5333333333333333,0.4,120.5,13.507302021980285,81.10203472375869,-0.011744331210502423,162.23059465090435,0.5061998968323072,0.009306889585180519,0.12001953125,0.3127211928367615,0.0
176,720896,1789.7,223.4454021902173,0.62,0.26,137.54,214.15391174377618,226.7918517324895,0.6,0.4,98.13333333333334,12.912227783600489,67.41463240629398,-0.008916396627445583,134.85014163189052,0.507369131405161,0.010375461831793003,0.1299495341614907,0.31191447377204895,1.0
177,724992,1788.5,227.7642626582414,0.62,0.28,134.82,233.94139254673155,211.38099746489965,0.6333333333333333,0.26666666666666666,137.46666666666667,14.129024132092793,81.59749755859374,-0.014941190840909257,163.22791097164153,0.505353711048762,0.00949807878350839,0.12718098958333332,0.31232622265815735,0.0
178,729088,1788.5,206.8540116402318,0.58,0.36,115.1,230.8227947436237,217.63653727020696,0.6333333333333333,0.3333333333333333,95.03333333333333,11.550865137577057,83.55989758173625,-0.012461689388146624,167.1477726538976,0.5086506811281045,0.011648857421823778,0.150341796875,0.3130543828010559,0.0
179,733184,1788.8,216.15197418909983,0.6,0.34,117.62,285.04201331119594,194.95433359208087,0.7666666666666667,0.23333333333333334,103.33333333333333,13.815267960230509,98.8487569729487,-0.013082984777671907,197.72671387990314,0.5055922860900561,0.009676277872252588,0.12552083333333333,0.31091558933258057,0.0
180,737280,1789.0,198.70024736043,0.56,0.34,133.2,240.9161998189808,220.3933246056612,0.6666666666666666,0.3333333333333333,102.13333333333334,13.696017960707346,119.21521427631379,-0.011125095856065552,238.4556965668996,0.5026539321988821,0.010414023125000919,0.13076171875,0.3127485513687134,0.0
181,741376,1788.0,207.86898042562137,0.58,0.32,121.28,208.57720839984086,215.33894395517456,0.5666666666666667,0.26666666666666666,161.33333333333334,18.928715229034424,108.81871287345886,-0.00947538881795481,217.6594196510315,0.50737280189991,0.009917974950512871,0.12646484375,0.31190091371536255,1.0
182,745472,1788.6,243.98842590540872,0.66,0.24,119.44,167.54627211337993,222.50043360120114,0.5,0.4666666666666667,101.03333333333333,11.993345244725544,108.92335881833677,-0.005522931034297303,217.86077021846066,0.5010777076085409,0.008485178014746419,0.10570023148148149,0.31202226877212524,1.0
183,749568,1788.1,212.58078285655407,0.6,0.38,90.94,159.36526817201033,222.74317226884114,0.4666666666666667,0.43333333333333335,120.76666666666667,13.438230848312378,122.02443809906642,-0.00934077242272906,244.07061228752136,0.5085637874901294,0.010607157771786054,0.13308919270833333,0.3135529160499573,0.0
184,753664,1788.3,271.11511677125185,0.72,0.24,98.18,204.51223374204608,225.10287991277656,0.5666666666666667,0.36666666666666664,106.63333333333334,12.776317821939786,122.89925708585572,-0.008686626718822614,245.8189566528913,0.5117679912488438,0.010484685235231826,0.1315230582524272,0.314291775226593,1.0
185,757760,1789.4,214.88402332276954,0.6,0.32,110.86,240.60859469702902,211.06576849967672,0.6666666666666666,0.3333333333333333,75.16666666666667,9.737981700897217,87.37286575064475,-0.009928807081109253,174.76866786387743,0.513233864504988,0.011005620414247089,0.14135877071823205,0.31406736373901367,1.0
186,761856,1789.6,226.7191886175645,0.62,0.28,132.72,202.22459879326016,220.9538151439092,0.5666666666666667,0.36666666666666664,102.73333333333333,12.07239548365275,59.2529091835022,-0.011002135283585327,118.53085257212321,0.5052175556619962,0.013899505893156553,0.17109375,0.3119070529937744,0.0
187,765952,1790.9,220.22638421340645,0.6,0.28,152.86,182.30921950421498,228.50024899510507,0.5333333333333333,0.4666666666666667,65.66666666666667,8.913399203618367,75.94440728199633,-0.006389964339500175,151.90457668787317,0.4968986162279226,0.010769596025701376,0.12440664556962025,0.31145209074020386,1.0
188,770048,1791.7,232.65848097812756,0.64,0.28,122.38,159.47142988265253,222.6575715116892,0.4666666666666667,0.4,137.36666666666667,16.019216855367024,362.0606829325358,0.00413069889570276,724.1160888671875,0.4942118301987648,0.014028186560608447,0.140625,0.31136399507522583,1.0
189,774144,1790.8,259.5681405163981,0.7,0.22,117.78,279.1179030423492,189.0926858396876,0.7333333333333333,0.13333333333333333,146.23333333333332,16.19259284734726,78.9543891655007,-0.012843997949003927,157.9374248001176,0.4929170091140089,0.010396175313419498,0.13114689086294415,0.3110376298427582,1.0
190,778240,1791.0,209.27927501052585,0.58,0.34,122.26,273.5716395295494,204.26804741085803,0.7333333333333333,0.26666666666666666,84.96666666666667,11.138781110445658,117.68021743297577,-0.010261108935810625,235.3838871161143,0.48838350748022397,0.008674147690180689,0.11360677083333333,0.3096674382686615,0.0
191,782336,1790.1,227.34979365653857,0.62,0.3,121.26,192.93752314358713,209.4828713775247,0.5333333333333333,0.3,143.73333333333332,16.44340846538544,65.63164976531384,-0.014556681930187944,131.29529779097612,0.4807945110049902,0.011117033683238369,0.14006969975490197,0.30898696184158325,1.0
192,786432,1788.9,290.41724983642627,0.76,0.18,120.34,264.770439839088,198.86266409346058,0.7,0.23333333333333334,130.0,15.747557735443115,96.48799702723821,-0.00840739363920875,192.99565082391103,0.47368878486255805,0.010356344097332718,0.13186848958333333,0.307262659072876,0.0
193,790528,1789.4,224.89315213518736,0.62,0.36,89.14,214.94726569209521,216.18285568701734,0.6,0.36666666666666664,111.66666666666667,13.566382932662965,76.32141051509164,-0.009156997783892703,152.6639039516449,0.4612951258366758,0.010545066516814668,0.13576438210227273,0.30591732263565063,1.0
194,794624,1789.6,256.3446352027467,0.68,0.26,116.44,271.86247030408555,204.27421893242342,0.7333333333333333,0.26666666666666666,115.06666666666666,13.987709959348043,64.7659770183349,-0.007141801497239745,129.54898264167014,0.4576327765590689,0.012822456965275276,0.15499912219101122,0.30564171075820923,1.0
195,798720,1789.6,213.41435657930296,0.58,0.32,123.78,187.20320709787612,226.85942819288016,0.5333333333333333,0.43333333333333335,111.13333333333334,13.009140753746033,45.308088456430745,-0.012471546853510535,90.64380702884516,0.44791560705905686,0.012942911175075351,0.15661002304147464,0.3024967312812805,1.0
196,802816,1790.1,252.50169590532863,0.68,0.32,90.82,232.9728844402908,209.96407508135604,0.6333333333333333,0.26666666666666666,119.86666666666666,13.365346018473307,83.82398130275585,-0.013824857299986445,167.67822535244036,0.43555754680692416,0.01097642931725002,0.13061824845679013,0.3024888038635254,1.0
197,806912,1790.7,254.5087282742751,0.68,0.26,116.06,245.63648445027619,211.8887594276747,0.6666666666666666,0.3,110.46666666666667,14.159491223096847,68.78046369552612,-0.008198802218040717,137.57995166097368,0.437656701409391,0.00890314917445981,0.11485072544642858,0.3030291795730591,1.0
198,811008,1791.1,283.5951658385315,0.74,0.18,136.62,262.20947791590845,196.16895813966153,0.7,0.23333333333333334,107.2,13.208348844448725,81.16085183863737,-0.008871960577231889,162.34207163051684,0.4371172693006846,0.012182747590003953,0.1520049426020408,0.30151236057281494,1.0
199,815104,1791.5,251.74303686489654,0.68,0.24,127.66,211.05979667367225,220.65055736874552,0.6,0.36666666666666664,103.4,12.849497975905736,69.00284008241036,-0.010667046764865518,138.0295648261415,0.42537211616274334,0.011595404406292408,0.14739216549295775,0.2998839020729065,1.0
200,819200,1793.3,249.98207600580525,0.68,0.26,129.36,230.92308668478336,217.17718385709966,0.6333333333333333,0.3333333333333333,103.56666666666666,13.269905424118042,273.81006774902346,0.015867991372942924,547.5909037272136,0.41716781854629514,0.017075546132400633,0.19557291666666668,0.29984426498413086,1.0
201,823296,1792.7,242.8541154189753,0.66,0.3,105.34,235.55117931962147,213.32080388072978,0.6333333333333333,0.26666666666666666,127.93333333333334,15.432398160298666,74.3751684387525,-0.014803164368883397,148.78239498933155,0.40856543940802414,0.01152822254904701,0.14324544270833334,0.29690760374069214,0.0
202,827392,1792.1,209.6411346067403,0.58,0.34,130.72,248.72183128826143,206.95600129428334,0.6666666666666666,0.23333333333333334,133.13333333333333,14.879510531077782,87.21669306430518,-0.008692615020639843,174.45317857552573,0.4012396026656266,0.011696649904250709,0.14622873036649214,0.29896023869514465,1.0
203,831488,1791.9,226.8897026724101,0.62,0.3,137.7,169.27550985276608,218.15058663608042,0.5,0.43333333333333335,105.83333333333333,12.546236570676168,75.79077377319337,-0.012778833621996454,151.60955889225005,0.4089386183768511,0.011683034490367087,0.14957682291666666,0.29887667298316956,0.0
204,835584,1791.4,226.92801651570923,0.62,0.32,128.34,243.57517397727415,211.58781004502086,0.6666666666666666,0.3,115.66666666666667,15.211391973495484,107.18202734390894,-0.012446182356992115,214.3913737297058,0.4047659780830145,0.010671814551460556,0.138916015625,0.2972608208656311,0.0
205,839680,1790.8,241.787417701633,0.66,0.32,111.78,228.46878037199912,215.66617816545647,0.6333333333333333,0.3333333333333333,108.8,12.54198936621348,116.85536852280299,-0.014143050033211087,233.74143052101135,0.40109127511580783,0.009990418274537661,0.12625325520833333,0.2985973358154297,0.0
206,843776,1791.0,222.96938224491595,0.62,0.32,117.7,184.25178546680976,229.45520693213544,0.5333333333333333,0.4666666666666667,94.63333333333334,12.845532449086507,82.23605918884277,-0.011397643756204643,164.49731191709722,0.39949461334910474,0.011143664201180445,0.13722067039106145,0.29613128304481506,1.0
207,847872,1791.8,280.1551461323525,0.74,0.22,107.28,206.530446059086,224.2465496782636,0.6,0.4,92.86666666666666,12.13040410677592,58.57694918347388,-0.00852859621272259,117.17329154063746,0.3892262762354821,0.012318765170891414,0.15280686211340205,0.2960267663002014,1.0
208,851968,1791.8,244.20329887275884,0.68,0.32,102.4,241.4583670685444,213.55888478587025,0.6666666666666666,0.3,106.63333333333334,13.748578651746113,101.1086865067482,-0.013652295003218266,202.24696369171141,0.3809730971852938,0.010557710551074706,0.140625,0.2935100495815277,0.0
209,856064,1792.5,186.06445780024077,0.54,0.38,127.0,263.4047068605928,204.1247845556771,0.7,0.26666666666666666,92.56666666666666,12.713947931925455,107.58058462337571,-1.1461517665864658e-05,215.16338410669442,0.36526739516225804,0.010990760610660627,0.1326796343537415,0.2913367450237274,1.0
210,860160,1792.2,245.33501902108233,0.66,0.24,140.22,271.67339205957825,193.2594643610678,0.7333333333333333,0.23333333333333334,107.7,12.50241896311442,72.17320627389952,-0.009390782221047165,144.36733984392743,0.3575770473757455,0.011373326826710687,0.13778615552325582,0.29107141494750977,1.0
211,864256,1792.4,237.84898398551533,0.64,0.28,122.74,294.23022301005454,187.30014314959047,0.7666666666666667,0.16666666666666666,118.33333333333333,15.755378546317418,77.50987081369642,-0.012813700990782259,155.04753158105672,0.36023194289339183,0.012953131032582804,0.16032890193370167,0.2923116087913513,1.0
212,868352,1792.6,224.44797453956176,0.62,0.38,78.58,201.31560096801334,217.4206194053673,0.5666666666666667,0.3333333333333333,135.9,14.784938561916352,71.3589000265107,-0.009759285561882585,142.73950477774815,0.3643736984893566,0.013415992284861912,0.167581106870229,0.29243773221969604,1.0
213,872448,1791.5,253.09029511495382,0.68,0.28,101.0,158.96881947967964,220.88474313338847,0.4666666666666667,0.4,140.36666666666667,16.549564917882282,93.46684646606445,-0.009718706862380107,186.9553146123886,0.36359737316767377,0.008538682792762604,0.11175130208333334,0.2921101450920105,0.0
214,876544,1791.5,230.63330656683544,0.62,0.24,144.68,266.5481729179547,203.78551232243896,0.7,0.23333333333333334,134.56666666666666,17.679211295644443,115.86916007995606,-0.00518965435792403,231.7508801953546,0.3634418347786213,0.010106605243194719,0.1252155172413793,0.2922627329826355,1.0
215,880640,1791.8,234.85527138802692,0.62,0.22,161.12,222.3362356335856,215.41372468677673,0.6,0.3,127.7,16.57858697573344,55.70487234164507,-0.011006014939779655,111.43390372838729,0.35808841570829736,0.012312076289732105,0.15540865384615385,0.29067420959472656,1.0
216,884736,1793.4,205.3659851254275,0.58,0.38,101.58,172.12250879159248,224.7212380084762,0.5,0.43333333333333335,99.06666666666666,12.45559732640783,230.7113464355469,0.009313035073379676,461.40618286132815,0.3511897404988607,0.018192644945035377,0.203125,0.29041919112205505,1.0
217,888832,1793.9,217.3439017170413,0.6,0.34,118.18,231.80756771336144,223.57088544927043,0.6333333333333333,0.36666666666666664,82.9,11.55057184100151,72.76558947438345,-0.01198822599153049,145.5573113925794,0.35954578072612825,0.009847805133157687,0.12135962041884817,0.29350388050079346,1.0
218,892928,1793.8,271.99922231741135,0.72,0.22,131.7,266.175437248247,203.47300632645567,0.6666666666666666,0.16666666666666666,151.0,21.42713489929835,98.32170347733931,-0.004005333189993646,196.65362323414195,0.36749811967213947,0.010941024028315123,0.13840553977272727,0.2913023829460144,1.0
219,897024,1794.2,224.31703500470394,0.62,0.34,107.52,211.65707359863305,224.59294829279344,0.6,0.4,89.26666666666667,11.82775639096896,61.22769355773926,-0.015065894795892138,122.48763887087505,0.3531839996576309,0.012186675563377018,0.15065104166666668,0.2901533842086792,0.0
220,901120,1794.4,191.12178413855824,0.56,0.4,117.2,271.8592816580103,204.1990063499621,0.7333333333333333,0.23333333333333334,99.9,12.188291660944621,83.53176483190116,-0.011475931346949906,167.08852287973036,0.34050340943493196,0.009805389499606592,0.12373459507042253,0.28753018379211426,1.0
221,905216,1794.1,262.4952016830615,0.7,0.24,125.18,244.2865643379865,207.71894155228642,0.6666666666666666,0.3,102.8,13.3825692097346,81.77929437160492,-0.011261178039906857,163.5830943584442,0.33052288790543877,0.012540170477586798,0.15408528645833333,0.28650903701782227,0.0
222,909312,1793.5,245.25103225393664,0.66,0.3,104.4,257.27511248909747,208.71415983172955,0.7,0.26666666666666666,108.63333333333334,14.48107008934021,85.4938998023669,-0.010452076373621822,171.01066202322642,0.3262547229727109,0.01051857416847876,0.13219401041666667,0.2870408296585083,0.0
223,913408,1793.5,178.55286196931021,0.52,0.44,107.14,218.47435007167135,209.25334447375732,0.6,0.26666666666666666,127.66666666666667,13.805667094389598,134.77202640784967,-0.00729021496538605,269.5605818989513,0.3257574759996854,0.009063398434811241,0.11392513736263736,0.28594040870666504,1.0
224,917504,1793.2,186.87554866543695,0.54,0.42,119.98,220.46023583728316,220.28421153821174,0.6,0.3333333333333333,117.1,15.26699017683665,84.43904808130156,-0.00938976923882794,168.89875818102547,0.3139920576234882,0.01088610707960102,0.13406337780898878,0.28389105200767517,1.0
225,921600,1792.8,217.6907581525141,0.6,0.34,127.36,236.21638674155378,212.47679186384715,0.6333333333333333,0.26666666666666666,127.53333333333333,15.630891251564027,142.83049460252127,-0.013712190857040696,285.6902587095896,0.30822273194789884,0.009760914458699215,0.12766927083333332,0.28446537256240845,0.0
226,925696,1793.1,173.19012743225258,0.5,0.4,130.32,174.44316686706836,226.48852757924186,0.5,0.43333333333333335,111.76666666666667,14.974181958039601,67.76999055589948,-0.011211915689387491,135.56425362723215,0.30801040853772843,0.012375689050448791,0.1545982142857143,0.2835296094417572,1.0
227,929792,1793.6,262.3854178357302,0.7,0.3,85.84,182.83869449601355,226.5672213304604,0.5333333333333333,0.43333333333333335,101.5,12.773780274391175,110.15667342097382,-0.012987165627848418,220.3410978056694,0.29600906437212,0.011082925776508256,0.1365266393442623,0.2806028723716736,1.0
228,933888,1793.3,226.1383030465588,0.62,0.32,111.34,280.5979128788912,186.9990926655123,0.7333333333333333,0.16666666666666666,147.26666666666668,19.341938853263855,107.20321023391068,-0.008712477199276166,214.42554871728817,0.2833811439619474,0.010506596223399774,0.12881039110429449,0.28031253814697266,1.0
229,937984,1792.4,190.0304161779936,0.54,0.36,134.36,233.59258879451664,208.53589259741847,0.6333333333333333,0.23333333333333334,163.26666666666668,19.56529596646627,127.42754108389629,-0.006083791996304368,254.8689588959684,0.2846631782571065,0.010864953640080298,0.13404075386597938,0.28082942962646484,1.0
230,942080,1791.2,215.0364282499699,0.6,0.36,103.38,217.14482817925077,216.35557492897206,0.6,0.3,130.0,12.642198904355366,99.39496655590766,-0.012755047408369394,198.81713784479462,0.28314720423875656,0.01190664610347455,0.1456720132743363,0.2788763642311096,1.0
231,946176,1790.2,254.99351302139644,0.7,0.28,87.66,274.4086393803689,193.4245764029522,0.7333333333333333,0.2,141.63333333333333,17.393023133277893,91.19103103876114,-0.014021074053986619,182.41173714001974,0.2720084791382154,0.01256837775290478,0.16126302083333333,0.2783213257789612,0.0
232,950272,1790.6,213.29938529404097,0.6,0.36,112.48,137.5682365554207,225.03869124740746,0.43333333333333335,0.5333333333333333,95.93333333333334,12.251385296384493,65.73786437908808,-0.010149240016471595,131.49760661125183,0.263242677350839,0.011831159681120577,0.152734375,0.2762010991573334,0.0
233,954368,1791.0,220.76569007623368,0.62,0.36,108.3,308.33315429074156,188.2567886209779,0.8,0.2,99.0,14.191166083017984,108.76198330359026,-0.011747568081641062,217.5489817272533,0.25303874395110393,0.009805123899555342,0.1267578125,0.27540284395217896,1.0
234,958464,1791.2,239.87800516862822,0.66,0.32,105.9,167.1548534744717,229.01251843099277,0.5,0.5,78.63333333333334,10.294569234053293,80.86832284699216,-0.011930938762207136,161.76197453549034,0.24452857594741018,0.011405721404834798,0.14023250598086123,0.2736552953720093,1.0
235,962560,1791.0,268.81218682640196,0.72,0.26,111.68,168.12286426610257,220.79347418364912,0.5,0.43333333333333335,115.83333333333333,15.223797325293223,110.29800117810568,-0.012257802354482313,220.62192153930664,0.23423074583212536,0.010417960773338564,0.133154296875,0.27182021737098694,0.0
236,966656,1791.3,238.1709552166496,0.66,0.3,116.38,216.03275400072906,221.251108544333,0.6,0.36666666666666664,104.83333333333333,14.471793309847515,81.99135593657797,-0.008487414803144569,164.00104046544286,0.22576751861166447,0.010349867041453931,0.13012522163120568,0.27206850051879883,1.0
237,970752,1790.4,204.4181847060972,0.58,0.36,111.46,221.08287597687163,212.26092324399605,0.6,0.26666666666666666,167.0,20.48525789578756,91.79565696716308,-0.012549278774531557,183.61782630284628,0.235447063545386,0.01040678948435622,0.135693359375,0.2737311124801636,0.0
238,974848,1790.4,179.65697311863408,0.52,0.42,114.9,179.3832166043996,217.16818181570358,0.5,0.36666666666666664,136.43333333333334,18.524590043723585,90.72739948592819,-0.009142296401770798,181.47453380131222,0.241768881991193,0.009915979315324888,0.12486341783216784,0.2740092873573303,1.0
239,978944,1790.9,204.1000936283387,0.58,0.4,97.52,196.7090352724661,228.07608779848448,0.5666666666666667,0.43333333333333335,77.06666666666666,10.677613710363707,110.341733522053,-0.01563798776780597,220.71621462665027,0.24568231498138815,0.012864584734914863,0.16269448839662448,0.2744073271751404,1.0
240,983040,1789.7,205.13131505245997,0.58,0.36,118.92,185.9234384063688,209.93224236194064,0.5,0.23333333333333334,197.76666666666668,22.419853067398073,84.21523520782704,-0.005668290258022665,168.44327159328316,0.2441848844062281,0.01140988238674823,0.13648020038167938,0.272930383682251,1.0
241,987136,1789.5,218.75671480202465,0.62,0.32,123.34,197.6824764220107,223.56741315502668,0.5666666666666667,0.36666666666666664,129.33333333333334,14.75884834031264,107.44238686958948,-0.01472489747296398,214.91563035647076,0.23455014179150263,0.013148028157108154,0.169189453125,0.2715395390987396,0.0
242,991232,1789.8,223.78388562780626,0.62,0.32,114.56,241.85906189637663,218.2673452947499,0.6666666666666666,0.3,97.0,13.175725102424622,82.69962560245564,-0.011505692321847815,165.4236112952753,0.2250149635248309,0.012711274527078372,0.15278725436681223,0.27022814750671387,1.0
243,995328,1789.6,234.46013835235715,0.64,0.32,102.88,220.08361661813805,216.35346347011938,0.6,0.3,147.06666666666666,16.03413071632385,89.30059889088507,-0.011518841524999858,178.62554956519085,0.2188246466111446,0.01280040311816054,0.1539572010869565,0.27034246921539307,1.0
244,999424,1789.9,193.0083391145642,0.56,0.42,96.2,214.5520866670273,217.63230255707742,0.6,0.36666666666666664,88.46666666666667,11.789916896820069,121.25568493838033,-0.011699669945137527,242.536056841492,0.21416211443603353,0.010780937564386814,0.13599537037037038,0.26875606179237366,1.0
245,1003520,1790.7,161.4265838393746,0.48,0.46,114.18,183.71875386239984,224.53594300212606,0.5333333333333333,0.43333333333333335,89.96666666666667,11.760680011908214,90.34116731442903,-0.014026687128812467,180.71163254788047,0.20747726151817722,0.012475606674132379,0.16110197368421053,0.2688556909561157,1.0
